{
    "roc_auc": 0.9318079897845818,
    "pr_auc": 0.8713395348200215,
    "accuracy": 0.86875
}